category,total_tickets,avg_resolution_days,sla_breach_rate,avg_satisfaction
Billing,1028,8.013618677042802,0.53,5.4319066147859925
Card Reissue,992,8.024193548387096,0.54,5.66633064516129
Dispute,973,8.13360739979445,0.54,5.565262076053443
Fraud,985,7.899492385786802,0.52,5.323857868020305
Travel Booking,1022,8.045988258317026,0.54,5.490215264187867
